Lattitude,Longitude,Total Doses,Sessions,Sites ,Total Doses/500000,Sessions/786,Sites/54 ,(f+g+h)/3,Out of 100
8.4855,76.94924,1596518,55094,77,3.193036,0.097964377,1.425925926,4.716926303,47.16926303
8.72742,77.6838,1695286,18864,58,3.390572,0.073791349,1.074074074,4.538437423,45.38437423
8.88113,76.58469,1325970,34428,80,2.65194,0.10178117,1.481481481,4.235202652,42.35202652
9.26667,76.78333,2627032,69977,122,5.254064,0.155216285,2.259259259,7.668539544,76.68539544
9.37158,78.83077,497962,19600,49,0.995924,0.062340967,0.907407407,1.965672374,19.65672374
9.37158,78.83077,578340,23020,26,1.15668,0.03307888,0.481481481,1.671240362,16.71240362
9.49004,76.3264,806739,259749,160,1.613478,0.203562341,2.962962963,4.780003304,47.80003304
9.58692,76.52132,2752471,27098,96,5.504942,0.122137405,1.777777778,7.404857182,74.04857182
9.84701,78.48358,1578832,6101,13,3.157664,0.01653944,0.240740741,3.414944181,34.14944181
9.919,78.11953,1174995,4050,26,2.34999,0.03307888,0.481481481,2.864550362,28.64550362
10.36896,77.98036,833595,7605,20,1.66719,0.025445293,0.37037037,2.063005663,20.63005663
10.36896,77.98036,694900,22840,34,1.3898,0.043256997,0.62962963,2.062686627,20.62686627
10.38128,78.82141,186137,2846,7,0.372274,0.008905852,0.12962963,0.510809482,5.10809482
10.38128,78.82141,455863,8500,25,0.911726,0.031806616,0.462962963,1.406495579,14.06495579
10.77269,79.6368,845918,14600,62,1.691836,0.078880407,1.148148148,2.918864555,29.18864555
10.8155,78.69651,548111,9055,25,1.096222,0.031806616,0.462962963,1.590991579,15.90991579
10.91667,79.83333,1413744,19477,65,2.827488,0.082697201,1.203703704,4.113888905,41.13888905
10.95771,78.08095,1247017,46520,36,2.494034,0.045801527,0.666666667,3.206502193,32.06502193
11.00555,76.96612,502986,25100,52,1.005972,0.066157761,0.962962963,2.035092724,20.35092724
11.04199,76.08154,3233056,134529,157,6.466112,0.199745547,2.907407407,9.573264954,95.73264954
11.11541,77.35456,600079,16180,41,1.200158,0.05216285,0.759259259,2.011580109,20.11580109
11.13849,79.07556,422768,8700,48,0.845536,0.061068702,0.888888889,1.795493591,17.95493591
11.22126,78.16524,888835,13140,23,1.77767,0.029262087,0.425925926,2.232858012,22.32858012
11.23333,78.88333,375231,2620,5,0.750462,0.006361323,0.092592593,0.849415916,8.494159157
11.24802,75.7804,2125026,35000,109,4.250052,0.138676845,2.018518519,6.407247363,64.07247363
11.3428,77.72741,775025,21657,49,1.55005,0.062340967,0.907407407,2.519798374,25.19798374
11.65376,78.15538,609616,31700,43,1.219232,0.054707379,0.796296296,2.070235675,20.70235675
11.65376,78.15538,401287,43850,43,0.802574,0.054707379,0.796296296,1.653577675,16.53577675
11.70172,75.53474,150398,11200,14,0.300796,0.017811705,0.259259259,0.577866964,5.778669641
11.73379,78.95925,1571346,8590,30,3.142692,0.038167939,0.555555556,3.736415494,37.36415494
11.75617,79.76693,3344937,39899,118,6.689874,0.150127226,2.185185185,9.025186412,90.25186412
11.86752,75.35763,1228547,27140,49,2.457094,0.062340967,0.907407407,3.426842374,34.26842374
11.93381,79.82979,55283,394,3,0.110566,0.003816794,0.055555556,0.169938349,1.699383494
12.1277,78.15794,1349465,134540,90,2.69893,0.114503817,1.666666667,4.480100483,44.80100483
12.22662,79.07461,1158435,49970,67,2.31687,0.08524173,1.240740741,3.642852471,36.42852471
12.49838,74.98959,2619664,95855,137,5.239328,0.174300254,2.537037037,7.950665291,79.50665291
12.51921,78.21382,398261,19340,12,0.796522,0.015267176,0.222222222,1.034011398,10.34011398
12.5223,76.89746,1030003,108922,312,2.060006,0.396946565,5.777777778,8.234730343,82.34730343
12.9184,79.13255,709427,7600,25,1.418854,0.031806616,0.462962963,1.913623579,19.13623579
13.08784,80.27847,1583866,44906,77,3.167732,0.097964377,1.425925926,4.691622303,46.91622303
13.13768,78.12999,547186,135380,106,1.094372,0.134860051,1.962962963,3.192195014,31.92195014
13.21055,79.0956,3228972,348180,121,6.457944,0.15394402,2.240740741,8.852628761,88.52628761
13.33467,74.74617,2125424,291683,180,4.250848,0.229007634,3.333333333,7.813188967,78.13188967
14.16498,75.02901,1950860,192357,309,3.90172,0.393129771,5.722222222,10.01707199,100.1707199
14.22262,76.40038,1186666,228566,222,2.373332,0.282442748,4.111111111,6.766885859,67.66885859
14.67784,77.60813,279778,5420,17,0.559556,0.021628499,0.314814815,0.895999314,8.959993135
15.34522,76.15478,1371630,504102,184,2.74326,0.234096692,3.407407407,6.3847641,63.847641
15.42977,75.62971,1530639,267839,257,3.061278,0.32697201,4.759259259,8.147509269,81.47509269
16.69563,74.23167,1190241,80011,178,2.380482,0.226463104,3.296296296,5.903241401,59.03241401
16.73308,82.21364,765718,82280,40,1.531436,0.050890585,0.740740741,2.323067326,23.23067326
16.74799,77.4954,699539,55250,44,1.399078,0.055979644,0.814814815,2.269872459,22.69872459
16.82442,75.71537,392906,2660,10,0.785812,0.012722646,0.185185185,0.983719831,9.837198315
16.85438,74.56417,1012940,5966,19,2.02588,0.024173028,0.351851852,2.40190488,24.0190488
17.05439,79.26707,350155,1100,4,0.70031,0.005089059,0.074074074,0.779473133,7.794731326
17.24767,80.14368,832279,77160,40,1.664558,0.050890585,0.740740741,2.456189326,24.56189326
17.3381,77.90441,574933,1090,12,1.149866,0.015267176,0.222222222,1.387355398,13.87355398
17.38405,78.45636,580060,509100,86,1.16012,0.109414758,1.592592593,2.862127351,28.62127351
17.67152,75.91044,704368,6349,72,1.408736,0.091603053,1.333333333,2.833672387,28.33672387
17.68589,73.99333,2320826,71099,176,4.641652,0.223918575,3.259259259,8.124829834,81.24829834
18.04531,78.26078,489075,42530,17,0.97815,0.021628499,0.314814815,1.314593314,13.14593314
18.10483,78.84858,802939,8560,26,1.605878,0.03307888,0.481481481,2.120438362,21.20438362
18.191,79.943,2994358,37573,74,5.988716,0.094147583,1.37037037,7.453233953,74.53233953
18.2989,83.89751,2760855,317245,95,5.52171,0.12086514,1.759259259,7.401834399,74.01834399
18.39014,81.65941,1275393,52124,124,2.550786,0.157760814,2.296296296,5.004843111,50.04843111
18.43915,79.12856,614891,58000,29,1.229782,0.036895674,0.537037037,1.803714711,18.03714711
18.51957,73.85535,1000493,57975,137,2.000986,0.174300254,2.537037037,4.712323291,47.12323291
18.61357,79.37442,803485,200,2,1.60697,0.002544529,0.037037037,1.646551566,16.46551566
18.67154,78.0988,398082,334000,34,0.796164,0.043256997,0.62962963,1.469050627,14.69050627
18.81199,82.71048,3155313,60204,121,6.310626,0.15394402,2.240740741,8.705310761,87.05310761
18.98921,75.75634,2063761,254704,134,4.127522,0.170483461,2.481481481,6.779486942,67.79486942
19.07283,72.88261,1283721,32539,115,2.567442,0.146310433,2.12962963,4.843382062,48.43382062
19.09685,78.34407,272393,52000,21,0.544786,0.026717557,0.388888889,0.960392446,9.603924461
19.19704,72.96355,2291053,299610,193,4.582106,0.245547074,3.574074074,8.401727148,84.01727148
19.26855,76.77081,1917492,68835,119,3.834984,0.151399491,2.203703704,6.190087195,61.90087195
19.38705,85.05079,350745,14248,23,0.70149,0.029262087,0.425925926,1.156678012,11.56678012
19.59083,81.664,458614,30240,25,0.917228,0.031806616,0.462962963,1.411997579,14.11997579
19.67203,78.5359,487280,7910,14,0.97456,0.017811705,0.259259259,1.251630964,12.51630964
19.69693,72.76543,904452,17407,36,1.808904,0.045801527,0.666666667,2.521372193,25.21372193
19.71464,77.14238,1093581,44636,168,2.187162,0.213740458,3.111111111,5.512013569,55.12013569
19.79825,85.82494,457028,13024,44,0.914056,0.055979644,0.814814815,1.784850459,17.84850459
19.84102,75.88636,2240893,71597,122,4.481786,0.155216285,2.259259259,6.896261544,68.96261544
19.87757,75.34226,380207,2700,6,0.760414,0.007633588,0.111111111,0.879158699,8.791586989
19.87757,75.34226,1517232,58931,116,3.034464,0.147582697,2.148148148,5.330194845,53.30194845
19.99727,73.79096,879367,76639,128,1.758734,0.162849873,2.37037037,4.291954243,42.91954243
20.11128,77.133,909212,45873,104,1.818424,0.132315522,1.925925926,3.876665448,38.76665448
20.12882,85.09626,702252,67160,69,1.404504,0.08778626,1.277777778,2.770068037,27.70068037
20.39324,78.13201,738949,83663,95,1.477898,0.12086514,1.759259259,3.358022399,33.58022399
20.41431,72.83236,505310,35400,53,1.01062,0.067430025,0.981481481,2.059531507,20.59531507
20.46497,85.87927,283655,18244,12,0.56731,0.015267176,0.222222222,0.804799398,8.047993978
20.61013,72.93428,2189079,6891,34,4.378158,0.043256997,0.62962963,5.051044627,50.51044627
20.63323,82.06221,1266944,18829,73,2.533888,0.092875318,1.351851852,3.97861517,39.7861517
20.65744,85.59693,251742,13011,12,0.503484,0.015267176,0.222222222,0.740973398,7.409733978
20.70419,83.49029,802475,43480,54,1.60495,0.06870229,1,2.67365229,26.7365229
20.70718,81.54874,199213,6670,62,0.398426,0.078880407,1.148148148,1.625454555,16.25454555
20.71405,70.98224,345859,4300,5,0.691718,0.006361323,0.092592593,0.790671916,7.906719157
20.73081,81.20578,1344186,23580,62,2.688372,0.078880407,1.148148148,3.915400555,39.15400555
20.82318,71.03795,952985,20518,62,1.90597,0.078880407,1.148148148,3.132998555,31.32998555
20.84089,85.10192,54872,1420,3,0.109744,0.003816794,0.055555556,0.169116349,1.691163494
20.84852,86.33729,699177,22061,101,1.398354,0.128498728,1.87037037,3.397223098,33.97223098
20.93333,77.75,925248,27157,96,1.850496,0.122137405,1.777777778,3.750411182,37.50411182
20.94237,72.92467,625257,56658,29,1.250514,0.036895674,0.537037037,1.824446711,18.24446711
21.00292,75.56602,563840,141712,132,1.12768,0.167938931,2.444444444,3.740063376,37.40063376
21.03333,81.53333,1477257,10099,51,2.954514,0.064885496,0.944444444,3.963843941,39.63843941
21.10743,82.0948,387389,67040,70,0.774778,0.089058524,1.296296296,2.16013282,21.6013282
21.16817,79.64885,1296758,105641,178,2.593516,0.226463104,3.296296296,6.116275401,61.16275401
21.19147,81.27619,612694,11762,44,1.225388,0.055979644,0.814814815,2.096182459,20.96182459
21.19594,72.83023,1382440,944,9,2.76488,0.011450382,0.166666667,2.942997048,29.42997048
21.19594,72.83023,1493825,9478,46,2.98765,0.058524173,0.851851852,3.898026025,38.98026025
21.28777,71.7556,846715,65515,200,1.69343,0.254452926,3.703703704,5.65158663,56.5158663
21.33348,83.61905,1468727,42630,120,2.937454,0.152671756,2.222222222,5.312347978,53.12347978
21.46026,80.19205,574700,154200,85,1.1494,0.108142494,1.574074074,2.831616568,28.31616568
21.46527,83.97573,636918,89300,101,1.273836,0.128498728,1.87037037,3.272705098,32.72705098
21.49266,86.93348,1016221,31987,100,2.032442,0.127226463,1.851851852,4.011520315,40.11520315
21.51966,70.45981,1249367,900,5,2.498734,0.006361323,0.092592593,2.597687916,25.97687916
21.51966,70.45981,644132,1185,10,1.288264,0.012722646,0.185185185,1.486171831,14.86171831
21.53827,84.73337,1672485,35759,106,3.34497,0.134860051,1.962962963,5.442793014,54.42793014
21.64219,69.60929,1190488,29081,197,2.380976,0.250636132,3.648148148,6.27976028,62.7976028
21.65678,82.16062,673240,66424,64,1.34648,0.081424936,1.185185185,2.613090122,26.13090122
21.69482,72.9805,3002311,19903,160,6.004622,0.203562341,2.962962963,9.171147304,91.71147304
21.76287,72.15331,1591830,14382,46,3.18366,0.058524173,0.851851852,4.094036025,40.94036025
21.76287,72.15331,1513544,31510,75,3.027088,0.095419847,1.388888889,4.511396736,45.11396736
21.8156,80.18845,687905,29104,111,1.37581,0.141221374,2.055555556,3.57258693,35.7258693
21.82292,75.61394,1096406,110300,182,2.192812,0.231552163,3.37037037,5.794734533,57.94734533
21.82427,76.35086,1001857,60569,105,2.003714,0.133587786,1.944444444,4.081746231,40.81746231
21.85531,84.00698,1169829,41202,32,2.339658,0.040712468,0.592592593,2.972963061,29.72963061
21.89764,83.3966,57601,5580,9,0.115202,0.011450382,0.166666667,0.293319048,2.933190483
21.90056,77.90229,942471,33895,148,1.884942,0.188295165,2.740740741,4.813977906,48.13977906
21.90174,70.0327,2004814,161910,237,4.009628,0.301526718,4.388888889,8.700043606,87.00043606
22.03232,74.89982,1475211,113902,163,2.950422,0.207379135,3.018518519,6.176319653,61.76319653
22.05697,78.93958,1291889,36295,152,2.583778,0.193384224,2.814814815,5.591977039,55.91977039
22.06566,81.68543,907491,41250,91,1.814982,0.115776081,1.685185185,3.615943267,36.15943267
22.08005,82.15543,127177,12072,56,0.254354,0.071246819,1.037037037,1.362637856,13.62637856
22.08005,82.15543,1041282,27696,52,2.082564,0.066157761,0.962962963,3.111684724,31.11684724
22.11667,84.03333,493021,10294,50,0.986042,0.063613232,0.925925926,1.975581157,19.75581157
22.16917,71.66671,609883,5240,14,1.219766,0.017811705,0.259259259,1.496836964,14.96836964
22.29161,70.79322,1433454,2966,27,2.866908,0.034351145,0.5,3.401259145,34.01259145
22.29161,70.79322,614711,8409,109,1.229422,0.138676845,2.018518519,3.386617363,33.86617363
22.29941,73.20812,660752,9265,12,1.321504,0.015267176,0.222222222,1.558993398,15.58993398
22.29941,73.20812,1582623,17271,105,3.165246,0.133587786,1.944444444,5.243278231,52.43278231
22.3458,82.69633,316408,73902,28,0.632816,0.03562341,0.518518519,1.186957928,11.86957928
22.45384,86.99497,1120718,21120,59,2.241436,0.075063613,1.092592593,3.409092206,34.09092206
22.47292,70.06673,858749,3370,34,1.717498,0.043256997,0.62962963,2.390384627,23.90384627
22.47292,70.06673,1026067,15600,39,2.052134,0.049618321,0.722222222,2.823974543,28.23974543
22.49183,92.98143,73532,1158,4,0.147064,0.005089059,0.074074074,0.226227133,2.262271326
22.56263,88.36304,279917,3271,9,0.559834,0.011450382,0.166666667,0.737951048,7.379510483
22.59373,75.29774,1354010,23552,94,2.70802,0.119592875,1.740740741,4.568353616,45.68353616
22.59879,80.37115,1372558,20316,125,2.745116,0.159033079,2.314814815,5.218963894,52.18963894
22.61523,84.50208,566913,9971,35,1.133826,0.044529262,0.648148148,1.82650341,18.2650341
22.71792,75.8333,1121245,37380,122,2.24249,0.155216285,2.259259259,4.656965544,46.56965544
22.74747,77.72736,493315,16450,64,0.98663,0.081424936,1.185185185,2.253240122,22.53240122
22.75218,72.68533,357125,11580,15,0.71425,0.019083969,0.277777778,1.011111747,10.11111747
22.81731,70.8377,1943723,19408,132,3.887446,0.167938931,2.444444444,6.499829376,64.99829376
22.89247,92.74218,69813,2900,4,0.139626,0.005089059,0.074074074,0.218789133,2.187891326
22.94141,81.07975,1722323,51350,60,3.444646,0.076335878,1.111111111,4.632092989,46.32092989
22.96585,76.05526,710191,17643,85,1.420382,0.108142494,1.574074074,3.102598568,31.02598568
23.02579,72.58727,1715655,32166,97,3.43131,0.123409669,1.796296296,5.351015966,53.51015966
23.02579,72.58727,1018549,47720,47,2.037098,0.059796438,0.87037037,2.967264808,29.67264808
23.04268,84.54429,631984,16232,71,1.263968,0.090330789,1.314814815,2.669113604,26.69113604
23.0738,87.31991,1343896,71789,123,2.687792,0.15648855,2.277777778,5.122058327,51.22058327
23.07602,85.27818,445025,25711,103,0.89005,0.131043257,1.907407407,2.928500664,29.28500664
23.10344,81.69083,442415,55568,188,0.88483,0.239185751,3.481481481,4.605497232,46.05497232
23.18239,75.77643,1106604,68502,177,2.213208,0.22519084,3.277777778,5.716176617,57.16176617
23.2,77.08333,1672633,107280,147,3.345266,0.187022901,2.722222222,6.254511123,62.54511123
23.21347,82.86836,172430,4540,15,0.34486,0.019083969,0.277777778,0.641721747,6.417217472
23.21667,72.68333,709101,5951,57,1.418202,0.072519084,1.055555556,2.54627664,25.4627664
23.21667,72.68333,1140830,18401,39,2.28166,0.049618321,0.722222222,3.053500543,30.53500543
23.23241,87.0716,962826,13444,32,1.925652,0.040712468,0.592592593,2.558957061,25.58957061
23.23241,87.0716,1469879,44062,96,2.939758,0.122137405,1.777777778,4.839673182,48.39673182
23.25469,77.40289,1246064,216050,119,2.492128,0.151399491,2.203703704,4.847231195,48.47231195
23.29312,92.84679,66301,8000,4,0.132602,0.005089059,0.074074074,0.211765133,2.117651326
23.29356,81.3619,1145188,56566,219,2.290376,0.278625954,4.055555556,6.62455751,66.2455751
23.33033,75.04032,1343197,30030,128,2.686394,0.162849873,2.37037037,5.219614243,52.19614243
23.33033,77.7811,676797,55670,189,1.353594,0.240458015,3.5,5.094052015,50.94052015
23.34316,85.3094,621696,8082,31,1.243392,0.039440204,0.574074074,1.856906278,18.56906278
23.36453,81.04374,2696290,313,8,5.39258,0.010178117,0.148148148,5.550906265,55.50906265
23.42637,76.27775,961581,36821,47,1.923162,0.059796438,0.87037037,2.853328808,28.53328808
23.43305,84.67992,328832,16800,53,0.657664,0.067430025,0.981481481,1.706575507,17.06575507
23.52473,80.83716,2102307,70748,172,4.204614,0.218829517,3.185185185,7.608628702,76.08628702
23.52604,77.81092,525231,51810,58,1.050462,0.073791349,1.074074074,2.198327423,21.98327423
23.72894,92.71791,110152,11880,52,0.220304,0.066157761,0.962962963,1.249424724,12.49424724
23.72894,92.71791,313633,13512,13,0.627266,0.01653944,0.240740741,0.884546181,8.845461809
23.74423,84.49984,455888,7553,16,0.911776,0.020356234,0.296296296,1.22842853,12.2842853
23.78707,85.95644,529655,87076,143,1.05931,0.181933842,2.648148148,3.88939199,38.8939199
23.79759,86.42992,685660,13055,32,1.37132,0.040712468,0.592592593,2.004625061,20.04625061
23.83312,79.4419,1793770,52774,202,3.58754,0.256997455,3.740740741,7.585278196,75.85278196
23.92703,92.48968,152591,1080,4,0.305182,0.005089059,0.074074074,0.384345133,3.843451326
23.963,86.80285,1021290,9773,33,2.04258,0.041984733,0.611111111,2.695675844,26.95675844
23.99241,85.36162,485362,18924,55,0.970724,0.069974555,1.018518519,2.059217073,20.59217073
24.04488,78.96094,1466604,8248,26,2.933208,0.03307888,0.481481481,3.447768362,34.47768362
24.07184,75.06986,795907,50850,57,1.591814,0.072519084,1.055555556,2.71988864,27.1988864
24.07964,91.59972,413744,40024,31,0.827488,0.039440204,0.574074074,1.441002278,14.41002278
24.16002,83.80755,1853421,51411,134,3.706842,0.170483461,2.481481481,6.358806942,63.58806942
24.1839,88.27171,1853834,37603,106,3.707668,0.134860051,1.962962963,5.805491014,58.05491014
24.18622,86.30875,520217,19996,28,1.040434,0.03562341,0.518518519,1.594575928,15.94575928
24.19973,82.67535,781575,30903,32,1.56315,0.040712468,0.592592593,2.196455061,21.96455061
24.20645,84.87085,1076366,14135,38,2.152732,0.048346056,0.703703704,2.90478176,29.0478176
24.22388,92.67869,118223,5800,5,0.236446,0.006361323,0.092592593,0.335399916,3.353999157
24.26227,93.18873,22926,808,4,0.045852,0.005089059,0.074074074,0.125015133,1.250151326
24.26778,87.24855,1334730,10112,30,2.66946,0.038167939,0.555555556,3.263183494,32.63183494
24.32987,94.00379,161419,7200,9,0.322838,0.011450382,0.166666667,0.500955048,5.009550483
24.33353,93.66999,37209,350,4,0.074418,0.005089059,0.074074074,0.153581133,1.535811326
24.3855,94.1472,26673,474,4,0.053346,0.005089059,0.074074074,0.132509133,1.325091326
24.4038,81.87954,1349716,68352,202,2.699432,0.256997455,3.740740741,6.697170196,66.97170196
24.47639,74.86241,995415,28540,113,1.99083,0.143765903,2.092592593,4.227188496,42.27188496
24.4982,93.98126,38147,4800,3,0.076294,0.003816794,0.055555556,0.135666349,1.356663494
24.53256,81.29234,1322005,12002,54,2.64401,0.06870229,1,3.71271229,37.1271229
24.57578,77.73123,566447,16251,29,1.132894,0.036895674,0.537037037,1.706826711,17.06826711
24.57726,80.82719,2058854,74000,70,4.117708,0.089058524,1.296296296,5.50306282,55.0306282
24.58584,73.71346,1137241,3440,9,2.274482,0.011450382,0.166666667,2.452599048,24.52599048
24.59633,76.16499,1211019,7126,25,2.422038,0.031806616,0.462962963,2.916807579,29.16807579
24.63881,93.99639,33136,1020,4,0.066272,0.005089059,0.074074074,0.145435133,1.454351326
24.63925,87.84239,204399,7707,32,0.408798,0.040712468,0.592592593,1.042103061,10.42103061
24.64691,77.3113,589836,25490,112,1.179672,0.142493639,2.074074074,3.396239713,33.96239713
24.68394,92.56097,864589,12441,55,1.729178,0.069974555,1.018518519,2.817671073,28.17671073
24.69007,78.41915,1771540,118103,116,3.54308,0.147582697,2.148148148,5.838810845,58.38810845
24.72094,80.18772,749370,27850,50,1.49874,0.063613232,0.925925926,2.488279157,24.88279157
24.74327,78.83061,881678,84400,184,1.763356,0.234096692,3.407407407,5.4048601,54.048601
24.79686,85.00385,2856237,120230,152,5.712474,0.193384224,2.814814815,8.720673039,87.20673039
24.80427,93.12148,432676,8511,31,0.865352,0.039440204,0.574074074,1.478866278,14.78866278
24.827,87.2125,1131997,39551,65,2.263994,0.082697201,1.203703704,3.550394905,35.50394905
24.83648,81.36448,984562,25989,75,1.969124,0.095419847,1.388888889,3.453432736,34.53432736
24.85846,94.51549,118698,16080,9,0.237396,0.011450382,0.166666667,0.415513048,4.155130483
24.86919,92.35543,292942,26249,70,0.585884,0.089058524,1.296296296,1.97123882,19.7123882
24.8867,85.54364,1611839,35100,52,3.223678,0.066157761,0.962962963,4.252798724,42.52798724
24.88838,72.84794,2562909,29280,127,5.125818,0.161577608,2.351851852,7.63924746,76.3924746
24.9177,79.58871,678282,14990,118,1.356564,0.150127226,2.185185185,3.691876412,36.91876412
24.92606,86.22531,1287676,9200,12,2.575352,0.015267176,0.222222222,2.812841398,28.12841398
25.07145,73.8798,785925,180000,45,1.57185,0.057251908,0.833333333,2.462435242,24.62435242
25.1,76.51667,1253643,75210,74,2.507286,0.094147583,1.37037037,3.971803953,39.71803953
25.13994,85.84096,2099708,88550,37,4.199416,0.047073791,0.685185185,4.931674977,49.31674977
25.1449,82.56534,2279956,91450,89,4.559912,0.113231552,1.648148148,6.3212917,63.212917
25.18254,75.83907,1022413,45000,57,2.044826,0.072519084,1.055555556,3.17290064,31.7290064
25.24425,87.63481,1824573,27620,78,3.649146,0.099236641,1.444444444,5.192827086,51.92827086
25.24446,86.97183,1520263,40240,57,3.040526,0.072519084,1.055555556,4.16860064,41.6860064
25.25803,83.26825,1932718,151984,102,3.865436,0.129770992,1.888888889,5.884095881,58.84095881
25.2905,79.87533,1320979,17668,29,2.641958,0.036895674,0.537037037,3.215890711,32.15890711
25.31668,83.01041,1570061,295471,199,3.140122,0.253180662,3.685185185,7.078487847,70.78487847
25.34707,74.64081,1670888,45985,281,3.341776,0.357506361,5.203703704,8.902986065,89.02986065
25.39526,82.5703,1307016,70099,131,2.614032,0.166666667,2.425925926,5.206624593,52.06624593
25.41853,86.13389,1028174,14320,37,2.056348,0.047073791,0.685185185,2.788606977,27.88606977
25.42378,77.66223,486034,12650,68,0.972068,0.086513995,1.259259259,2.317841254,23.17841254
25.45887,78.57994,2312924,154962,97,4.625848,0.123409669,1.796296296,6.545553966,65.45553966
25.5022,86.46708,1379503,73300,120,2.759006,0.152671756,2.222222222,5.133899978,51.33899978
25.53852,87.57044,802738,100000,40,1.605476,0.050890585,0.740740741,2.397107326,23.97107326
25.57548,83.98043,1363719,45050,58,2.727438,0.073791349,1.074074074,3.875303423,38.75303423
25.58333,83.58526,2761004,57451,71,5.522008,0.090330789,1.314814815,6.927153604,69.27153604
25.59408,85.13563,1032625,146710,146,2.06525,0.185750636,2.703703704,4.95470434,49.5470434
25.66472,76.69616,787446,37800,78,1.574892,0.099236641,1.444444444,3.118573086,31.18573086
25.66667,94.5,29363,600,5,0.058726,0.006361323,0.092592593,0.157679916,1.576799157
25.67312,78.45908,1001879,42400,193,2.003758,0.245547074,3.574074074,5.823379148,58.23379148
25.67467,94.11099,18262,800,4,0.036524,0.005089059,0.074074074,0.115687133,1.156871326
25.74572,71.39211,912450,33975,89,1.8249,0.113231552,1.648148148,3.5862797,35.862797
25.75356,82.68689,893935,22900,81,1.78787,0.103053435,1.5,3.390923435,33.90923435
25.86222,85.77953,932819,37600,127,1.865638,0.161577608,2.351851852,4.37906746,43.7906746
25.87498,86.59611,1553727,15106,23,3.107454,0.029262087,0.425925926,3.562642012,35.62642012
25.89509,81.9424,1042634,15405,19,2.085268,0.024173028,0.351851852,2.46129288,24.6129288
25.89509,81.9424,1570108,93295,262,3.140216,0.333333333,4.851851852,8.325401185,83.25401185
25.91174,93.7217,50390,1050,3,0.10078,0.003816794,0.055555556,0.160152349,1.601523494
25.94167,83.56111,1393091,24774,49,2.786182,0.062340967,0.907407407,3.755930374,37.55930374
25.9553,80.14842,503280,16633,56,1.00656,0.071246819,1.037037037,2.114843856,21.14843856
25.9553,80.14842,2645188,33936,50,5.290376,0.063613232,0.925925926,6.279915157,62.79915157
25.96667,94.51667,53748,1306,6,0.107496,0.007633588,0.111111111,0.226240699,2.262406989
26.00281,92.85605,510965,39000,70,1.02193,0.089058524,1.296296296,2.40728482,24.0728482
26.02301,76.34408,905763,38663,154,1.811526,0.195928753,2.851851852,4.859306605,48.59306605
26.04259,74.02373,1553139,794422,365,3.106278,0.46437659,6.759259259,10.32991385,103.2991385
26.06832,83.18358,1300523,22875,53,2.601046,0.067430025,0.981481481,3.649957507,36.49957507
26.09717,94.25817,54686,1800,2,0.109372,0.002544529,0.037037037,0.148953566,1.489535663
26.10224,87.95534,791669,7700,13,1.583338,0.01653944,0.240740741,1.840618181,18.40618181
26.11527,86.59509,1871207,35972,27,3.742414,0.034351145,0.5,4.276765145,42.76765145
26.12259,85.39055,809898,21350,52,1.619796,0.066157761,0.962962963,2.648916724,26.48916724
26.1451,79.3366,788867,19300,22,1.577734,0.027989822,0.407407407,2.013131229,20.13131229
26.14934,87.51323,137855,35600,46,0.27571,0.058524173,0.851851852,1.186086025,11.86086025
26.15216,85.89707,964127,12670,41,1.928254,0.05216285,0.759259259,2.739676109,27.39676109
26.15696,81.80519,1166613,48142,48,2.333226,0.061068702,0.888888889,3.283183591,32.83183591
26.16638,75.78824,1620387,6158,36,3.240774,0.045801527,0.666666667,3.953242193,39.53242193
26.17668,90.62634,146234,10640,28,0.292468,0.03562341,0.518518519,0.846609928,8.466099282
26.22096,84.35609,1575738,125100,284,3.151476,0.361323155,5.259259259,8.772058414,87.72058414
26.22983,78.17337,991900,18610,74,1.9838,0.094147583,1.37037037,3.448317953,34.48317953
26.24908,92.34764,172879,4515,15,0.345758,0.019083969,0.277777778,0.642619747,6.426197472
26.25788,82.07269,831800,18321,33,1.6636,0.041984733,0.611111111,2.316695844,23.16695844
26.26704,94.82415,47631,1000,4,0.095262,0.005089059,0.074074074,0.174425133,1.744251326
26.32293,91.00632,614969,54102,64,1.229938,0.081424936,1.185185185,2.496548122,24.96548122
26.3248,94.51834,34325,800,2,0.06865,0.002544529,0.037037037,0.108231566,1.082315663
26.35367,86.07169,923899,118510,99,1.847798,0.125954198,1.833333333,3.807085532,38.07085532
26.38126,81.27436,3792267,81492,123,7.584534,0.15648855,2.277777778,10.01880033,100.1880033
26.40107,90.27286,730242,46310,85,1.460484,0.108142494,1.574074074,3.142700568,31.42700568
26.4521,74.63867,661873,87106,62,1.323746,0.078880407,1.148148148,2.550774555,25.50774555
26.46517,79.50918,932624,35000,17,1.865248,0.021628499,0.314814815,2.201691314,22.01691314
26.46734,84.44041,2102736,249600,193,4.205472,0.245547074,3.574074074,8.025093148,80.25093148
26.47703,90.55815,558898,8850,38,1.117796,0.048346056,0.703703704,1.86984576,18.6984576
26.48989,94.81772,167654,6920,16,0.335308,0.020356234,0.296296296,0.65196053,6.519605304
26.49892,77.99534,1164841,67601,187,2.329682,0.237913486,3.462962963,6.030558449,60.30558449
26.50167,83.77936,466282,41827,130,0.932564,0.165394402,2.407407407,3.505365809,35.05365809
26.51167,93.95951,748927,94680,96,1.497854,0.122137405,1.777777778,3.397769182,33.97769182
26.51393,85.29341,312816,1452,5,0.625632,0.006361323,0.092592593,0.724585916,7.245859157
26.51667,88.73333,2937136,27786,82,5.874272,0.1043257,1.518518519,7.497116218,74.97116218
26.54706,80.48781,1265297,20531,59,2.530594,0.075063613,1.092592593,3.698250206,36.98250206
26.56671,78.78728,1284651,88493,232,2.569302,0.295165394,4.296296296,7.160763691,71.60763691
26.59357,85.4906,343446,1100,6,0.686892,0.007633588,0.111111111,0.805636699,8.056366989
26.73583,95.05841,109988,2000,7,0.219976,0.008905852,0.12962963,0.358511482,3.58511482
26.75367,92.10215,876297,5066,7,1.752594,0.008905852,0.12962963,1.891129482,18.91129482
26.75751,94.20306,730139,38045,54,1.460278,0.06870229,1,2.52898029,25.2898029
26.77615,79.02133,829092,10726,32,1.658184,0.040712468,0.592592593,2.291489061,22.91489061
26.78817,82.71617,2404933,81494,252,4.809866,0.320610687,4.666666667,9.797143354,97.97143354
26.83928,80.92313,645843,40378,83,1.291686,0.105597964,1.537037037,2.934321001,29.34321001
26.89,76.33584,1590536,12416,53,3.181072,0.067430025,0.981481481,4.229983507,42.29983507
26.91763,70.90387,2535514,54004,111,5.071028,0.141221374,2.055555556,7.26780493,72.6780493
26.91962,75.78781,1599418,375,3,3.198836,0.003816794,0.055555556,3.258208349,32.58208349
27.05524,79.9188,1238885,12517,44,2.47777,0.055979644,0.814814815,3.348564459,33.48564459
27.07059,88.47529,666577,28437,37,1.333154,0.047073791,0.685185185,2.065412977,20.65412977
27.14665,93.24643,94686,1770,15,0.189372,0.019083969,0.277777778,0.486233747,4.862337472
27.15092,78.39781,1385174,99850,124,2.770348,0.157760814,2.296296296,5.224405111,52.24405111
27.18333,78.01667,1084372,55363,102,2.168744,0.129770992,1.888888889,4.187403881,41.87403881
27.20201,73.73394,1773964,34943,190,3.547928,0.24173028,3.518518519,7.308176798,73.08176798
27.21731,77.49009,1891492,25252,69,3.782984,0.08778626,1.277777778,5.148548037,51.48548037
27.22857,79.02882,510631,40810,104,1.021262,0.132315522,1.925925926,3.079503448,30.79503448
27.25097,75.17893,917268,90756,50,1.834536,0.063613232,0.925925926,2.824075157,28.24075157
27.39134,79.5793,719928,22203,53,1.439856,0.067430025,0.981481481,2.488767507,24.88767507
27.39491,80.13165,758315,13750,23,1.51663,0.029262087,0.425925926,1.971818012,19.71818012
27.42949,82.18545,635859,15400,17,1.271718,0.021628499,0.314814815,1.608161314,16.08161314
27.42949,82.18545,1874610,62319,120,3.74922,0.152671756,2.222222222,6.124113978,61.24113978
27.47989,94.90837,952641,146000,146,1.905282,0.185750636,2.703703704,4.79473634,47.9473634
27.48333,94.58333,653552,54043,43,1.307104,0.054707379,0.796296296,2.158107675,21.58107675
27.48905,95.35992,260580,46800,38,0.52116,0.048346056,0.703703704,1.27320976,12.7320976
27.5035,77.67215,857885,61747,111,1.71577,0.141221374,2.055555556,3.91254693,39.1254693
27.56192,80.68265,1337259,21908,30,2.674518,0.038167939,0.555555556,3.268241494,32.68241494
27.56246,76.625,2510798,120260,188,5.021596,0.239185751,3.481481481,8.742263232,87.42263232
27.59551,78.05201,1925703,204524,84,3.851406,0.106870229,1.555555556,5.513831785,55.13831785
27.61206,75.13996,963548,366098,366,1.927096,0.465648855,6.777777778,9.170522633,91.70522633
27.66904,95.86395,41482,650,6,0.082964,0.007633588,0.111111111,0.201708699,2.017086989
27.80882,78.64579,2506246,28331,100,5.012492,0.127226463,1.851851852,6.991570315,69.91570315
27.88145,78.07464,2485889,48390,78,4.971778,0.099236641,1.444444444,6.515459086,65.15459086
27.94822,80.77935,599666,15752,43,1.199332,0.054707379,0.796296296,2.050335675,20.50335675
27.99486,74.95628,872422,112200,141,1.744844,0.179389313,2.611111111,4.535344424,45.35344424
28.01762,73.31495,2078222,70864,184,4.156444,0.234096692,3.407407407,7.7979481,77.979481
28.03811,79.12668,2298818,63732,57,4.597636,0.072519084,1.055555556,5.72571064,57.2571064
28.10296,77.00144,754082,14402,34,1.508164,0.043256997,0.62962963,2.181050627,21.81050627
28.14469,77.32546,350634,18407,42,0.701268,0.053435115,0.777777778,1.532480892,15.32480892
28.199,76.6183,953935,24391,36,1.90787,0.045801527,0.666666667,2.620338193,26.20338193
28.26935,76.15253,770281,22340,41,1.540562,0.05216285,0.759259259,2.351984109,23.51984109
28.30415,74.96718,1273623,70951,228,2.547246,0.290076336,4.222222222,7.059544558,70.59544558
28.36678,79.43167,1597443,48411,95,3.194886,0.12086514,1.759259259,5.075010399,50.75010399
28.40392,77.85773,1919897,118550,104,3.839794,0.132315522,1.925925926,5.898035448,58.98035448
28.41124,77.31316,557089,35600,34,1.114178,0.043256997,0.62962963,1.787064627,17.87064627
28.52999,94.37322,49908,900,8,0.099816,0.010178117,0.148148148,0.258142265,2.581422652
28.58498,78.56959,1884050,97020,102,3.7681,0.129770992,1.888888889,5.786759881,57.86759881
28.59166,76.27161,915385,75027,140,1.83077,0.178117048,2.592592593,4.601479641,46.01479641
28.60311,77.13988,2130190,42716,145,4.26038,0.184478372,2.685185185,7.130043557,71.30043557
28.6063,76.6565,1209080,143960,91,2.41816,0.115776081,1.685185185,4.219121267,42.19121267
28.63124,79.80436,1453386,44600,77,2.906772,0.097964377,1.425925926,4.430662303,44.30662303
28.63576,77.22445,1396548,23268,104,2.793096,0.132315522,1.925925926,4.851337448,48.51337448
28.64201,75.38612,1116217,26260,94,2.232434,0.119592875,1.740740741,4.092767616,40.92767616
28.66535,77.43915,2445401,23751,52,4.890802,0.066157761,0.962962963,5.919922724,59.19922724
28.72985,77.78068,620518,31890,72,1.241036,0.091603053,1.333333333,2.665972387,26.65972387
28.79304,76.13968,1308336,38170,52,2.616672,0.066157761,0.962962963,3.645792724,36.45792724
28.83893,78.77684,1460701,31040,21,2.921402,0.026717557,0.388888889,3.337008446,33.37008446
28.89447,76.58917,850943,17256,34,1.701886,0.043256997,0.62962963,2.374772627,23.74772627
28.90314,78.46984,1136637,41644,103,2.273274,0.131043257,1.907407407,4.311724664,43.11724664
28.94485,77.21865,1388853,27077,61,2.777706,0.077608142,1.12962963,3.984943772,39.84943772
28.98002,77.70636,1101881,13340,14,2.203762,0.017811705,0.259259259,2.480832964,24.80832964
28.99478,77.01937,974131,25799,59,1.948262,0.075063613,1.092592593,3.115918206,31.15918206
29.15394,75.72294,3079411,42795,124,6.158822,0.157760814,2.296296296,8.612879111,86.12879111
29.31577,76.31502,826205,43975,45,1.65241,0.057251908,0.833333333,2.542995242,25.42995242
29.33501,80.07783,419807,4120,26,0.839614,0.03307888,0.481481481,1.354174362,13.54174362
29.373,78.13636,844858,12681,20,1.689716,0.025445293,0.37037037,2.085531663,20.85531663
29.38747,76.96825,671529,15810,35,1.343058,0.044529262,0.648148148,2.03573541,20.3573541
29.44768,75.67206,1824718,102460,106,3.649436,0.134860051,1.962962963,5.747259014,57.47259014
29.4497,77.30959,1512462,13450,32,3.024924,0.040712468,0.592592593,3.658229061,36.58229061
29.47091,77.70332,1475650,87380,172,2.9513,0.218829517,3.185185185,6.355314702,63.55314702
29.51525,75.45554,2112835,122838,68,4.22567,0.086513995,1.259259259,5.571443254,55.71443254
29.53489,75.02898,814478,18305,42,1.628956,0.053435115,0.777777778,2.460168892,24.60168892
29.58182,74.32938,905435,105300,220,1.81087,0.279898219,4.074074074,6.164842293,61.64842293
29.58349,80.20947,617804,23311,51,1.235608,0.064885496,0.944444444,2.244937941,22.44937941
29.59713,79.65911,2433985,27695,87,4.86797,0.110687023,1.611111111,6.589768134,65.89768134
29.69197,76.98448,745316,19887,73,1.490632,0.092875318,1.351851852,2.93535917,29.3535917
29.80153,76.39959,786742,62200,95,1.573484,0.12086514,1.759259259,3.453608399,34.53608399
29.83738,79.77161,554885,7150,26,1.10977,0.03307888,0.481481481,1.624330362,16.24330362
29.92009,73.87496,781671,24230,78,1.563342,0.099236641,1.444444444,3.107023086,31.07023086
29.94791,78.16025,2106748,63170,124,4.213496,0.157760814,2.296296296,6.667553111,66.67553111
29.9679,77.54522,994356,26440,98,1.988712,0.124681934,1.814814815,3.928208749,39.28208749
29.98844,75.40167,2848597,116093,49,5.697194,0.062340967,0.907407407,6.666942374,66.66942374
30.12796,77.28371,1231126,44360,88,2.462252,0.111959288,1.62962963,4.203840917,42.03840917
30.20747,74.93893,362595,7286,12,0.72519,0.015267176,0.222222222,0.962679398,9.626793978
30.22243,78.78341,246112,17420,75,0.492224,0.095419847,1.388888889,1.976532736,19.76532736
30.24506,75.84488,510620,16414,39,1.02124,0.049618321,0.722222222,1.793080543,17.93080543
30.28467,78.98354,457001,19263,70,0.914002,0.089058524,1.296296296,2.29935682,22.9935682
30.33625,76.3922,585454,104440,50,1.170908,0.063613232,0.925925926,2.160447157,21.60447157
30.36099,76.79782,1682693,8922,92,3.365386,0.117048346,1.703703704,5.18613805,51.8613805
30.37451,75.5487,1478842,107235,92,2.957684,0.117048346,1.703703704,4.77843605,47.7843605
30.40207,74.02836,434111,73409,89,0.868222,0.113231552,1.648148148,2.6296017,26.296017
30.67399,74.75579,734692,13574,23,1.469384,0.029262087,0.425925926,1.924572012,19.24572012
30.69461,76.8504,730134,80650,56,1.460268,0.071246819,1.037037037,2.568551856,25.68551856
30.72986,78.44342,1648529,70700,84,3.297058,0.106870229,1.555555556,4.959483785,49.59483785
30.73629,76.7884,1792146,46280,72,3.584292,0.091603053,1.333333333,5.009228387,50.09228387
30.81383,75.16878,408128,83312,70,0.816256,0.089058524,1.296296296,2.20161082,22.0161082
30.90908,77.10869,563954,10870,65,1.127908,0.082697201,1.203703704,2.414308905,24.14308905
30.91204,75.85379,562321,2292,12,1.124642,0.015267176,0.222222222,1.362131398,13.62131398
31.10442,77.16662,1161839,24892,181,2.323678,0.230279898,3.351851852,5.90580975,59.0580975
31.24188,77.12362,1218862,35052,62,2.437724,0.078880407,1.148148148,3.664752555,36.64752555
31.32556,75.57917,1416187,61300,100,2.832374,0.127226463,1.851851852,4.811452315,48.11452315
31.38011,75.38105,1880108,48601,37,3.760216,0.047073791,0.685185185,4.492474977,44.92474977
31.44943,77.63087,1373586,30280,50,2.747172,0.063613232,0.925925926,3.736711157,37.36711157
31.45191,74.92777,555755,19938,44,1.11151,0.055979644,0.814814815,1.982304459,19.82304459
31.53723,75.91269,1111591,68546,95,2.223182,0.12086514,1.759259259,4.103306399,41.03306399
31.62234,74.87534,39838,1000,3,0.079676,0.003816794,0.055555556,0.139048349,1.390483494
32.27484,75.65287,635807,20962,32,1.271614,0.040712468,0.592592593,1.904919061,19.04919061
32.36941,75.52539,1625573,21575,37,3.251146,0.047073791,0.685185185,3.983404977,39.83404977
32.55531,76.12647,496252,5762,52,0.992504,0.066157761,0.962962963,2.021624724,20.21624724
32.56245,75.11993,301930,21090,134,0.60386,0.170483461,2.481481481,3.255824942,32.55824942
32.73569,74.86911,262526,18197,94,0.525052,0.119592875,1.740740741,2.385385616,23.85385616
32.92431,75.13573,1087084,216336,82,2.174168,0.1043257,1.518518519,3.797012218,37.97012218
33.14916,75.54746,698360,130557,149,1.39672,0.18956743,2.759259259,4.345546689,43.45546689
33.24278,75.23513,508603,66991,102,1.017206,0.129770992,1.888888889,3.035865881,30.35865881
33.31346,75.76726,594263,72665,147,1.188526,0.187022901,2.722222222,4.097771123,40.97771123
33.64456,75.01923,183375,18780,76,0.36675,0.096692112,1.407407407,1.870849519,18.70849519
33.73068,75.15418,655053,10110,54,1.310106,0.06870229,1,2.37880829,23.7880829
33.77033,74.09254,692352,100874,76,1.384704,0.096692112,1.407407407,2.888803519,28.88803519
33.87405,74.89955,491228,64165,87,0.982456,0.110687023,1.611111111,2.704254134,27.04254134
34.03056,74.26417,444190,54681,132,0.88838,0.167938931,2.444444444,3.500763376,35.00763376
34.16504,77.58402,142327,1840,12,0.284654,0.015267176,0.222222222,0.522143398,5.221433978
34.55765,76.12622,986850,136370,75,1.9737,0.095419847,1.388888889,3.458008736,34.58008736
